Typo,Ground_Truth,Transformer_Score,Rank,Edit_Distance
Sue,She,0.041393,3,1
didm't,didn't,N/A,N/A,1
evey,every,0.419012,1,1
evnn,even,0.103373,3,1
Wat,What,0.044161,1,1
drwas,draws,0.001573,65,1
climbd,climbed,0.036517,7,1
thsee,these,0.319758,1,1
cenfturkes,centuries,0.962623,1,2
cn,can,0.225316,2,1
Rjel,Rachel,N/A,N/A,3
uhclaspig,unclasping,N/A,N/A,2
tee,the,0.465764,1,1
cnsieralbe,considerable,0.017600,8,3
o7utside,outside,0.237653,1,1
conventnn,convention,N/A,N/A,2
oee,one,0.004944,10,1
discomfrot,discomfort,0.004785,31,1
vnished,vanished,N/A,N/A,1
imaigne,imagine,0.001212,5,1
ppaced,placed,0.109634,3,1
telehpone,telephone,0.002807,51,1
applcitjon,application,0.075970,2,3
woudd,would,0.053837,5,1
Te,The,0.241457,1,1
subarine,submarine,0.065782,3,1
mcuh,much,0.135217,2,1
nyemros,numerous,0.040846,2,3
imprtont,important,N/A,N/A,2
bgy,by,0.925918,1,1
mmwt,must,0.196737,2,2
soe,some,0.135208,2,1
compzraitvely,comparatively,0.001091,67,2
simple-seeing,simple-seeming,N/A,N/A,1
ssqtement,statement,0.001508,93,2
ooe,one,0.052138,4,1
tee,the,0.001792,65,1
sles,sales,0.088671,3,1
steerng,steering,0.135291,1,1
aater,after,0.202525,3,1
CChtios,Catholics,0.332139,1,5
Jsws,Jews,0.118244,3,1
oer,over,0.105115,2,1
Tee,The,0.586884,1,1
wss,was,0.018524,8,1
bbst,best,0.525320,1,1
ssraglging,straggling,N/A,N/A,2
sqauers,squares,0.035610,7,2
wh,with,0.019695,2,2
rrifnorxde,reinforce,N/A,N/A,4
ssint,saint,N/A,N/A,1
fr,far,0.003567,27,1
OOviously,Obviously,0.000831,64,1
stting,sitting,0.189321,1,1
Hrr,Her,0.585268,1,1
Maren,Madden,N/A,N/A,2
aad,and,0.056515,5,1
wairer,waiter,N/A,N/A,1
Confnrted,Confronted,0.008822,18,3
Fdsddy,Freddy,N/A,N/A,2
droasic,drastic,N/A,N/A,2
hd,had,0.960744,1,1
wantsd,wanted,0.014135,4,1
Theee,These,0.068274,3,1
trasformation,transformation,0.001574,89,1
lenaed,leaned,0.086642,3,1
add,and,0.865468,1,1
hhr,her,0.660992,1,1
officres,officers,0.011301,9,1
ttat,that,0.001853,70,1
commuism,communism,N/A,N/A,1
ilplustrated,illustrated,0.080818,2,1
hae,have,0.468466,1,1
ad,and,0.002769,31,1
expli9to;.y,explicitly,N/A,N/A,5
col,cool,0.003976,40,1
'mm,'em,N/A,N/A,1
Nsw,New,0.096938,1,1
spaeds,spades,N/A,N/A,1
oognaizational,organizational,0.008631,13,2
TTe,The,0.103676,1,1
elemett,element,N/A,N/A,1
wtwh,with,0.152188,1,2
stritly,strictly,N/A,N/A,1
nw,now,0.077210,1,1
princil.e,principle,0.343695,1,2
individj7al,individual,0.041507,5,2
Conesquebbtly,Consequently,0.020419,11,3
sta6e,state,0.002385,29,1
Hghest,Highest,N/A,N/A,1
Elaujne,Elaine,N/A,N/A,2
Audbon,Audubon,N/A,N/A,1
UUopa,Utopia,0.302415,1,2
thwot,that,0.052517,3,2
pessure,pressure,0.015624,10,1
Yok,York,0.213247,2,1
commuer,commuter,0.017095,11,1
Bureu,Bureau,0.076613,1,1
rte,rate,0.375156,1,1
Sities,Sixties,0.043905,3,1
Fortunaely,Fortunately,N/A,N/A,1
d9foicult,difficult,0.014098,14,2
texitle,textile,0.009264,19,1
ggl,girl,0.056632,2,2
lt's,let's,N/A,N/A,1
jst,just,0.144463,1,1
ttgue,tongue,0.848621,1,2
reday,ready,0.007180,20,1
nszms,names,0.002807,51,3
ccordnaited,coordinated,0.034588,5,3
yer,year,N/A,N/A,1
p7nishmert,punishment,0.003357,33,2
euxlson,expulsion,N/A,N/A,4
fro0m,from,N/A,N/A,1
stroe,store,0.003112,48,1
ffrm,form,N/A,N/A,1
t9o,to,0.007047,18,1
ccntrol,control,N/A,N/A,1
publictaion,publication,0.005442,27,1
intial,initial,0.080356,2,1
initia;l,initial,0.097544,2,1
reulting,resulting,0.244999,2,1
drien,driven,0.073180,3,1
disappearanee,disappearance,0.053452,2,1
sveerol,several,0.022307,7,2
Phkadlhpia,Philadelphia,0.003029,34,4
BBni,Bini,N/A,N/A,1
rpp,rap,0.000332,23,1
orignal,original,N/A,N/A,1
contaned,contained,0.696130,1,1
Dvaid,David,N/A,N/A,1
degrd3e,degree,0.003770,49,2
satuartion,saturation,N/A,N/A,1
maangy,many,0.037900,7,2
operayyng,operating,0.050633,3,2
tte,the,0.839538,1,1
ntt,not,0.910202,1,1
te,the,0.024388,3,1
ffm,from,0.105097,4,2
e,be,0.993427,1,1
Inded,Indeed,0.014420,15,1
Juornal,Journal,N/A,N/A,1
brufely-ilulm3d,briefly-illumed,N/A,N/A,4
theer-family,three-family,N/A,N/A,2
bt,but,0.026206,6,1
mdidlec-lass,middle-class,N/A,N/A,2
is,its,0.001032,70,1
srides,strides,N/A,N/A,1
becmoes,becomes,0.008454,22,1
givebn,given,0.052029,3,1
feertohught,forethought,N/A,N/A,3
t,at,0.786079,1,1
eluton,elution,N/A,N/A,1
s,is,0.425278,1,1
al6hough,although,0.588966,1,1
payer,player,0.002959,47,1
beisde,beside,0.023216,5,1
whatslpever,whatsoever,0.005711,21,2
aeemy,army,0.023002,4,2
bben,been,0.904757,1,1
approximzatkon,approximation,0.002720,64,2
hon3st,honest,0.024071,4,1
arse,are,0.996980,1,1
Purcahess,Purchases,N/A,N/A,2
te,the,0.004587,35,1
statuasry,statuary,N/A,N/A,1
tihs,this,0.730869,1,1
groths,growths,N/A,N/A,1
sadafras,sassafras,N/A,N/A,2
T90day,Today,0.001792,50,2
M4diiee,Medicine,0.144738,2,3
ooeisty,obesity,0.007087,18,2
dobutful,doubtful,N/A,N/A,1
baet,beat,0.303811,1,1
hs,his,0.253762,2,1
brokee,broke,0.025348,9,1
wih,with,0.138600,2,1
badcly-needed,badly-needed,N/A,N/A,1
"o,ive",olive,0.040062,6,1
himsff,himself,0.037142,2,2
lyy,lay,0.002673,69,1
wiyh,with,0.023949,7,1
tge,the,0.253856,2,1
d4velpmoents,developments,N/A,N/A,3
comamer,commander,0.000216,56,3
Sh9lom,Sholom,N/A,N/A,1
faxxiliites,facilities,0.052747,2,3
ma45inas,marinas,N/A,N/A,2
aae,are,0.008619,11,1
bysjness,business,0.012279,16,2
businesess,businesses,0.071917,2,1
lie,live,0.002047,32,1
follliwing,following,N/A,N/A,2
delat,dealt,0.985530,1,1
decisn,decision,0.002671,53,2
hihwgay,highway,N/A,N/A,2
cruious,curious,N/A,N/A,1
bbrit9ne,baritone,0.332212,1,2
Shorty,Shortly,0.002937,62,1
s9mewhat,somewhat,0.000920,39,1
bjt,but,0.008690,15,1
wuere,where,0.006488,6,1
frequncy,frequency,0.476413,1,1
sattion,station,0.994849,1,1
secrt,secret,0.004638,13,1
easer,easier,0.047685,3,1
scremed,screamed,N/A,N/A,1
nothung,nothing,0.455239,1,1
mnn,man,0.002807,44,1
WWlosn,Wilson,N/A,N/A,2
reinfordig,reinforcing,N/A,N/A,2
Emped9vkles,Empedocles,N/A,N/A,3
ooy,only,0.010225,10,2
coemdy,comedy,0.013337,7,1
Doegrry,Dogberry,N/A,N/A,3
sikmed,skimmed,N/A,N/A,2
Capta8n,Captain,0.024916,6,1
flor,floor,0.085254,1,1
mzn,man,N/A,N/A,1
sch,such,0.068644,5,1
advoqntate,advantage,0.031375,6,3
saud,said,0.017226,11,1
Acitng,Acting,0.020774,9,1
utetrly,utterly,0.028744,6,1
patienbce,patience,0.057654,4,1
thottle,throttle,0.002882,44,1
ad,and,0.018841,10,1
fruight,fright,0.001223,96,1
btt,bet,0.571033,1,1
ohn,on,0.265379,2,1
ecsape,escape,N/A,N/A,1
mstt,most,0.772847,1,2
slghtly,slightly,0.008537,18,1
outt,out,0.923848,1,1
aobt,about,0.388436,1,2
EEen,Even,0.305065,1,1
foqils,fails,0.153568,1,2
comfottable,comfortable,0.086813,2,1
collsr,collar,0.004692,29,1
ttss,this,0.045437,2,2
lght,light,0.035148,7,1
tee,the,0.491685,1,1
edtfot,effort,0.192474,2,3
t,not,0.573339,1,2
eaosy,easy,0.081744,3,1
ifretify,identify,0.231173,2,3
crrntrues,centuries,0.341597,2,4
pope,people,N/A,N/A,2
tyis,this,0.110080,2,1
whetehr,whether,0.962057,1,1
tyer,their,0.594126,1,2
tjhe,the,0.025588,5,1
bhxh,bush,0.006516,27,2
tjmm,them,0.616008,1,2
disocver,discover,0.008378,7,1
woup.d,would,0.067663,4,2
al,all,0.023549,11,1
for,four,N/A,N/A,1
wilkl,will,N/A,N/A,1
nhyclear,nuclear,0.107520,2,2
s,is,0.082115,1,1
direxcyory,directory,N/A,N/A,2
tyinkng,thinking,0.002436,14,2
aad,and,0.021418,2,1
wrorye,wrote,0.008707,14,2
writs,writes,0.332635,1,1
Presige,Prestige,N/A,N/A,1
Stzztes,States,0.693151,1,2
ooer,over,0.086617,4,1
thwe,the,0.020743,16,1
Englanfd,England,0.034813,3,1
miltiant,militant,N/A,N/A,1
co.t,colt,N/A,N/A,1
timwe,time,0.410808,1,1
ijuries,injuries,0.016621,10,1
woluxd,would,0.381266,1,2
fr,for,0.093321,2,1
vitmins,vitamins,N/A,N/A,1
Geogee,George,0.037421,7,2
offce,office,0.006778,9,1
haerd,heard,0.014510,12,1
Eavh,Each,0.011030,7,1
pefrodmanee,performance,N/A,N/A,3
univrwe,universe,N/A,N/A,2
franirc,frantic,0.023191,5,2
dotpred,doctored,N/A,N/A,2
fer,for,0.001085,68,1
chrity,charity,0.006170,23,1
eysws,eyes,0.114488,2,2
ssay,stay,0.446090,1,1
qalities,qualities,0.134488,1,1
ckurse,course,0.999827,1,1
n,on,0.644791,1,1
readly,readily,N/A,N/A,1
befoee,before,N/A,N/A,1
ot,out,0.048661,4,1
gaeden,garden,0.008063,32,1
LLnus,Linus,N/A,N/A,1
Prie,Prize,0.998886,1,1
ambiuus,ambiguous,0.000948,58,2
teachrs,teachers,N/A,N/A,1
st,sat,N/A,N/A,1
vrey,very,N/A,N/A,1
dwfying,defying,N/A,N/A,1
"horrib;,e",horrible,N/A,N/A,2
des3p,deep,0.380385,1,2
har,hair,0.003254,44,1
devte,devote,0.854885,1,1
mhy,my,0.222322,1,1
keelp,keep,0.978835,1,1
ttay,today,0.570061,1,2
rmm,room,0.301041,2,2
st,set,0.001845,71,1
aad,and,0.115910,2,1
progeam,program,0.003272,34,1
ds9gned,designed,0.034075,5,2
Defkne,Define,0.897454,1,1
Tap4e,Tape,N/A,N/A,1
stusy,study,0.014635,8,1
oo5skirts,outskirts,0.036300,4,2
Preestyy,Presently,N/A,N/A,3
brothrr,brother,N/A,N/A,1
breahtslsy,breathlessly,N/A,N/A,4
wighut,without,0.015161,7,2
Niessr-Oedr,Neisse-Oder,N/A,N/A,3
protseting,protesting,N/A,N/A,1
everthhing,everything,0.120023,2,2
Azussa,Azusa,N/A,N/A,1
untl,until,0.021307,9,1
frinedly,friendly,N/A,N/A,1
appeard,appeared,0.048655,3,1
visal,visual,N/A,N/A,1
experiemee,experience,N/A,N/A,2
spda,soda,0.028876,8,1
peraps,perhaps,0.006763,22,1
universalloy,universally,0.012220,11,1
waevs,waves,0.007630,20,1
agan,again,N/A,N/A,1
bas4ment,basement,N/A,N/A,1
improevd,improved,0.018109,9,1
magazqines,magazines,0.003997,55,1
hss,his,0.234905,2,1
concuding,concluding,0.193915,3,1
Reot,Report,0.026338,7,2
toawrd,toward,0.337400,2,1
scol,school,0.161765,2,2
Agreeoble,Agreeable,N/A,N/A,1
situaion,situation,N/A,N/A,1
cnocerned,concerned,0.725784,1,1
I'e,I've,N/A,N/A,1
tnje,the,0.047871,2,2
hnad,hand,N/A,N/A,1
kepp,keep,0.152188,2,1
machineyy,machinery,N/A,N/A,1
Preds,Press,0.990789,1,1
Berrlelez,Berrellez,N/A,N/A,1
aversien,aversion,N/A,N/A,1
ijn,in,0.279326,1,1
slon,soon,N/A,N/A,1
lfe,life,0.002366,47,1
hdd,had,0.522987,1,1
cefucial,crucial,0.048783,2,2
fors,forces,0.005496,25,2
rspecetively,respectively,0.935776,1,2
o[posite,opposite,0.133370,1,1
liygtle,little,0.015789,9,2
andd,and,0.002694,2,1
Fronedl,Frondel,N/A,N/A,1
Hrary,Harry,0.008049,19,1
Ravne,Ravine,N/A,N/A,1
ats,acts,0.373375,1,1
h7hdnrd,hundred,0.447695,1,4
wy,way,0.052602,5,1
clranly,cleanly,N/A,N/A,1
clanly,cleanly,N/A,N/A,1
hrr,her,0.115731,2,1
pushd,pushed,0.032568,6,1
ginhgam,gingham,N/A,N/A,1
wie,wipe,0.136169,1,1
batteyr-powered,battery-powered,N/A,N/A,1
biul-in,built-in,N/A,N/A,2
metres,meters,0.001077,96,1
tticness,thickness,N/A,N/A,2
sanctkkonious,sanctimonious,N/A,N/A,2
frcd,forced,0.007650,24,2
so23jhg,showing,0.029432,4,5
wih,with,0.004548,26,1
Fs4deral,Federal,0.005104,23,2
depensdence,dependence,0.720555,1,1
detecotr,detector,0.004309,42,1
thse,the,0.383057,1,1
powerfl,powerful,N/A,N/A,1
ad,and,0.042792,2,1
te,the,0.562459,1,1
ww5e,were,0.589076,1,2
cyy,cry,0.105431,1,1
aachronism,anachronism,N/A,N/A,1
rrwginos,regions,N/A,N/A,3
subrbuaa,suburbia,N/A,N/A,3
Previouly,Previously,0.004752,25,1
adimtted,admitted,0.002277,88,1
mut,must,0.719379,1,1
thbr,their,0.054004,3,2
thde,the,0.064522,5,1
thier,their,N/A,N/A,1
aaainst,against,0.028228,4,1
eeght,eight,0.001786,55,1
Jue,June,0.012443,9,1
citis,cities,0.004446,18,1
Evn,Even,0.912688,1,1
mintes,minutes,0.441219,2,1
desegretfation,desegregation,N/A,N/A,2
yr,year,0.425028,1,2
insittutkons,institutions,0.108821,1,2
ibstituinoal,institutional,0.005806,28,3
Tey,They,0.018066,3,1
filed,filled,N/A,N/A,1
wih,with,0.003430,34,1
cutt8ng,cutting,0.007954,16,1
plottd,plotted,0.150042,1,1
orgiin,origin,N/A,N/A,1
nett,next,0.203010,1,1
se,she,N/A,N/A,1
mihgt,might,0.055189,5,1
strughle,struggle,0.309836,1,1
impressun,impression,0.552010,1,2
te,the,0.012457,3,1
liabiltiy,liability,0.030836,4,1
satisfaciton,satisfaction,N/A,N/A,1
wihh,with,0.048738,4,1
fcae,face,0.005090,29,1
wuold,would,0.038001,5,1
Erahrt,Erhart,N/A,N/A,1
"eco,jic",economic,N/A,N/A,3
aacend,ascend,N/A,N/A,1
bcuk,buck,0.001978,53,1
tnan,than,0.990844,1,1
exerise,exercise,0.039976,4,1
benn,been,0.995516,1,1
tht,that,0.952188,1,1
inumane,inhumane,N/A,N/A,1
fzith,faith,0.005324,25,1
iispired,inspired,0.046269,4,1
tee,the,0.804154,1,1
lke,like,0.901054,1,1
Berna5d,Bernard,0.013566,16,1
modst,modest,N/A,N/A,1
lttle,little,N/A,N/A,1
knikc-kmacks,knick-knacks,N/A,N/A,2
aroud,around,0.026177,6,1
sceme,scene,0.129279,1,1
bestwal,bestowal,N/A,N/A,1
enjtire,entire,0.007468,16,1
tee,the,0.022782,8,1
the4e,there,0.026015,6,1
concrts,concerts,0.001581,61,1
memorble,memorable,0.159817,1,1
e,the,0.445482,1,2
p5epared,prepared,0.008016,30,1
eosch,each,0.189260,2,2
brujsued,bruised,0.035921,2,2
aamost,almost,0.026633,7,1
platnainn,plantation,0.001079,88,3
form,from,0.859501,1,1
Christinaity,Christianity,0.128223,2,1
darstic,drastic,0.023633,8,1
e,he,0.008200,4,1
sa9oed,said,0.057648,3,3
prfooeund,profound,0.006816,26,2
ggre,garde,0.973608,1,2
indicagin,indication,N/A,N/A,2
tgyat,that,0.750859,1,2
ccaracteristic,characteristic,N/A,N/A,1
focuss,focuses,0.160206,2,1
ntt,not,0.001702,38,1
tht,that,0.974679,1,1
pt,pot,N/A,N/A,1
psas,pass,0.001879,69,1
tew5s,tests,0.006766,16,2
aloo,also,0.000205,9,1
reduc4e,reduce,0.024942,7,1
iicident,incident,0.023797,3,1
aal,all,0.264493,1,1
performnace,performance,0.027626,3,1
unstlited,unstilted,N/A,N/A,1
ppset,present,0.005217,23,3
aso,also,0.006232,34,1
finaliyy,finality,N/A,N/A,1
aee,are,0.980352,1,1
msut,must,0.044848,6,1
Skyres,Skyros,N/A,N/A,1
cculdn't,couldn't,N/A,N/A,1
Nprdstrmm,Nordstrom,N/A,N/A,2
governmrnt,government,0.143801,1,1
praisred,praised,0.003178,41,1
ins't,isn't,N/A,N/A,1
tte,the,0.090621,1,1
nnsted,nested,N/A,N/A,1
eahh,each,0.467871,1,1
copmay,company,N/A,N/A,2
taht,that,0.002313,77,1
brasy,brassy,N/A,N/A,1
wich,which,0.950934,1,1
form,from,0.573403,1,1
"e,emrwnys",elements,0.282101,1,4
f,of,0.155508,2,1
eldsctrc,electric,0.012760,9,3
barbariazs,barbarians,N/A,N/A,1
oofered,offered,0.007054,24,1
commissioj's,commission's,N/A,N/A,1
perhap-s,perhaps,0.861766,1,1
cergy,clergy,0.033483,7,1
Englad,England,0.916896,1,1
te,the,0.189227,1,1
te,the,0.282635,1,1
o8htput-axis,output-axis,N/A,N/A,2
flatternig,flattering,N/A,N/A,1
ttan,than,0.894105,1,1
ws,was,0.626182,1,1
thee,three,0.001382,86,1
whtt,what,0.843183,1,1
fokr,for,0.720224,1,1
influecning,influencing,N/A,N/A,1
decdues,decides,0.196728,2,2
teth,teeth,N/A,N/A,1
wereyy,whereby,0.296147,2,2
rp,rap,N/A,N/A,1
juyy,jury,N/A,N/A,1
collr,collar,N/A,N/A,1
befoe,before,0.000092,65,1
hhs,his,0.012223,10,1
wwy,way,0.065058,3,1
e,We,N/A,N/A,1
mmnitoned,mentioned,N/A,N/A,2
prize-iwnning,prize-winning,N/A,N/A,1
alkl,all,0.053368,4,1
chram,charm,N/A,N/A,1
hurrued.y,hurriedly,N/A,N/A,2
too,to,0.067374,4,1
sk8de,side,0.071654,1,2
chep,cheap,N/A,N/A,1
Colidge,Coolidge,N/A,N/A,1
raesons,reasons,0.427007,1,1
tdue,true,0.013608,15,1
fzct,fact,0.933735,1,1
buildinss,buildings,N/A,N/A,1
cuedd,cursed,0.002198,69,3
tnreatened,threatened,0.005745,37,1
misisons,missions,0.047191,6,1
totaply,totally,0.004534,42,1
icapable,incapable,0.683165,1,1
ddmythologization,demythologization,N/A,N/A,1
ceary,clearly,0.018440,15,2
llast,least,0.999569,1,1
wyen,when,0.496121,1,1
ad,and,0.324077,1,1
tee,the,0.179395,3,1
m9krphophipnes,morphophonemics,N/A,N/A,7
tie,time,0.007084,16,1
wwat,what,0.996350,1,1
celud,could,0.051124,4,2
migt,might,0.048461,4,1
scitaiaa,sciatica,N/A,N/A,2
ad,and,0.463983,1,1
coupppes,couples,0.035298,8,2
m9croscopic,microscopic,0.112629,3,1
sqmple,sample,N/A,N/A,1
isotropcc,isotropic,N/A,N/A,1
thtt,that,0.162326,3,1
dsastr9us,disastrous,0.016790,11,2
bbxk,back,N/A,N/A,2
widnow,window,0.083687,2,1
drooped,dropped,0.236111,1,1
sardic,sardonic,N/A,N/A,2
Grekk,Greek,N/A,N/A,1
terhe,there,0.745544,1,2
ppnn,person,0.300965,1,4
a-point,appoint,0.371926,1,1
Comobs,Coombs,N/A,N/A,1
Secd33tary,Secretary,0.998512,1,3
carvaan,caravan,N/A,N/A,1
wachd,watched,0.068698,3,2
Exchage,Exchange,0.027990,3,1
appeaer,appear,0.395320,1,1
bloodopess,bloodless,N/A,N/A,2
manjfest,manifest,0.003174,5,1
t0ld,told,0.025278,7,1
walkled,walked,0.054613,4,1
unedrstanding,understanding,N/A,N/A,1
culural,cultural,0.005498,16,1
rdd,red,N/A,N/A,1
te,the,N/A,N/A,1
hhr,her,0.764138,1,1
tue,the,0.353765,1,1
pris0n,prison,0.004378,19,1
sstem,system,0.110218,1,1
hu8s,his,0.005747,17,2
fri9ed,friend,N/A,N/A,2
Wintrhop,Winthrop,N/A,N/A,1
orf,of,0.999861,1,1
fo0d,food,0.068778,3,1
thre,the,0.261660,2,1
possble,possible,0.209530,1,1
Swdish,Swedish,0.004975,43,1
tht,that,0.850696,1,1
wlil,will,0.035917,6,1
ljjberal,liberal,0.698056,1,2
Scyuylkill,Schuylkill,N/A,N/A,1
c9me,come,0.004397,32,1
whwre,where,0.386242,1,1
rstlessness,restlessness,N/A,N/A,1
thde,the,0.411365,1,1
peactidal,practical,0.672359,1,2
componnss,components,0.003503,14,2
deign,design,0.002675,27,1
haf-dozen,half-dozen,N/A,N/A,1
cig's,city's,N/A,N/A,2
mrble,marble,0.002710,38,1
frkm,from,0.301223,1,1
thde,the,0.273521,1,1
stoy,story,0.830877,1,1
acton,action,N/A,N/A,1
wwse,wise,N/A,N/A,1
ad,and,0.055942,5,1
pooknt,point,0.017716,5,2
wno,who,0.740978,1,1
tehnicujans,technicians,0.072206,2,3
OOtober,October,0.129806,4,1
qite,quite,N/A,N/A,1
ddppd,dropped,N/A,N/A,3
ssid,said,0.091677,2,1
jouneys,journeys,0.003528,38,1
dd,did,0.077044,2,1
gulivle,gullible,N/A,N/A,2
gros,grows,0.057571,5,1
trheatening,threatening,N/A,N/A,1
oly,only,0.000057,34,1
w9hh,with,0.418219,1,2
redsue,residue,N/A,N/A,3
th3rm,them,0.010834,5,2
ddwn,down,0.227172,2,1
tnem,them,0.576412,1,1
covneratikln,conversation,N/A,N/A,4
hsd,had,0.002464,43,1
hoee,home,0.059527,2,1
reatiohbaruues,reactionaries,N/A,N/A,5
vilaess,villages,0.003255,54,3
crakker-box,cracker-box,N/A,N/A,1
thtt,that,0.308199,1,1
wthout,without,0.005668,18,1
hvae,have,0.709334,1,1
wheter,whether,0.002646,25,1
undernath,underneath,N/A,N/A,1
dn't,don't,N/A,N/A,1
presuma..y,presumably,0.002660,70,2
aae,are,0.962005,1,1
tge,the,0.079985,2,1
Salmm,Salem,0.000884,65,1
horr,homer,0.397870,1,2
abeve,above,0.004753,19,1
mmjjy,many,0.149022,1,3
hose,house,0.012618,12,1
hdd,had,0.051334,3,1
"sy,kbol",symbol,0.225185,2,2
uder,under,0.005691,29,1
cicumstances,circumstances,0.501698,1,1
afrid,afraid,0.661684,1,1
unthknakble,unthinkable,N/A,N/A,2
smoe,some,0.043499,1,1
tee,the,0.673585,1,1
ad,and,0.064364,4,1
usualyy,usually,0.028786,5,1
capaign,campaign,N/A,N/A,1
f,of,0.036037,6,1
MMny,Many,0.146911,3,1
selilng,selling,0.003062,20,1
f,of,0.248311,2,1
ttt,that,0.509879,1,2
pub.ic-limit,public-limit,N/A,N/A,1
tee,the,0.613426,1,1
eneing,ending,0.008024,22,1
jjrisductional,jurisdictional,N/A,N/A,2
principe,principle,N/A,N/A,1
avaliable,available,N/A,N/A,1
Internatppnl,International,N/A,N/A,3
fors,forms,N/A,N/A,1
tht,that,0.970470,1,1
e,be,0.998410,1,1
ffom,from,0.041775,4,1
spokeanan,spokesman,0.495439,1,2
o,go,0.021221,6,1
postpine,postpone,N/A,N/A,1
llng-ange,long-range,N/A,N/A,2
paonings,paintings,0.226158,1,2
entk9ty,entity,0.016567,10,2
nkkght,night,0.273157,1,2
throuh,through,0.688254,1,1
makkng,making,N/A,N/A,1
unstrsesed,unstressed,N/A,N/A,1
ooe,one,0.948882,1,1
too,to,0.999923,1,1
sto[ped,stopped,0.007490,10,1
re-eatwd,repeated,0.191873,1,2
frm,from,0.727830,1,1
eiher,either,0.135724,3,1
sesaion,session,0.964038,1,1
rasier,raiser,N/A,N/A,1
diovrce,divorce,0.044494,1,1
areaa,area,0.007419,6,1
temperaet.y,temperately,N/A,N/A,2
porryas,portrays,0.033713,7,2
brigs,brings,0.012809,19,1
Sallys,Sally's,N/A,N/A,1
fae,face,0.004838,12,1
caerrfee,carefree,N/A,N/A,2
Smebody's,Somebody's,N/A,N/A,1
ee-loyee,employee,N/A,N/A,2
contribtued,contributed,0.040404,2,1
literatuee,literature,0.012165,14,1
fidd,find,0.021906,9,1
wee,were,0.290991,2,1
waht,what,0.945496,1,1
Englad,England,0.006891,12,1
lkie,like,0.013899,5,1
Amercanws,Americans,N/A,N/A,2
te,the,0.464288,1,1
tte,the,0.275655,1,1
juevnile,juvenile,N/A,N/A,1
ajnd,and,0.012435,15,1
ajd,and,0.026379,4,1
oxhygen,oxygen,0.038146,7,1
vivacify,vivacity,N/A,N/A,1
masurs',masquers',N/A,N/A,2
te,the,0.058872,2,1
mocxetrnidts,modernists,N/A,N/A,4
conxscene,conscience,0.010011,17,3
accrodignly,accordingly,0.094701,1,2
nmbers,numbers,0.005427,18,1
noice,notice,0.027236,6,1
tte,the,0.143361,2,1
somebdoy,somebody,0.125479,2,1
thoguht,thought,0.479620,1,1
ttey,they,0.006094,12,1
fining,finding,0.035737,4,1
ddscovery,discovery,N/A,N/A,1
Liee,Life,0.049093,2,1
uuexpected,unexpected,0.038195,7,1
b4st3een,between,0.022042,5,3
emtioally,emotionally,0.026438,4,2
oncde,once,0.248805,1,1
aee,are,0.871587,1,1
s3rxual,sexual,0.002766,55,2
relewse,release,N/A,N/A,1
tue,the,0.233744,1,1
mmet,most,0.690869,1,2
headqches,headaches,N/A,N/A,1
say,stay,N/A,N/A,1
mkgkht,might,0.378214,1,2
opn,open,N/A,N/A,1
rrund,round,0.597696,1,1
rsumd,resumed,0.009422,11,2
PPayer's,Player's,N/A,N/A,1
ahgsurd,absurd,N/A,N/A,2
grsped,grasped,N/A,N/A,1
iss,its,N/A,N/A,1
ttat,that,0.829212,1,1
butt,but,0.888067,1,1
lpved,loved,0.027904,6,1
Sn,Son,0.015935,10,1
C;oapping,Clapping,N/A,N/A,2
catner,canter,N/A,N/A,1
numbr,number,0.014952,9,1
proporiotnal,proportional,0.757413,1,2
silde,slide,N/A,N/A,1
DDcember,December,0.013902,14,1
wws,was,0.592255,1,1
Khruahcev,Khrushchev,N/A,N/A,2
Sotuhest,Southeast,0.447658,1,2
nned,need,0.032955,6,1
complaimts,complaints,N/A,N/A,1
stirctures,strictures,N/A,N/A,1
ad,added,0.030486,9,3
whch,which,0.323346,2,1
wa5ersed,watershed,0.061390,3,2
l4ss,less,0.231780,2,1
no5fjkon,notion,0.228949,1,4
reliious,religious,0.067735,4,1
tok,took,0.546269,1,1
srt,short,0.014426,14,2
thn,then,0.023587,2,1
Gyy,Guy,0.038880,5,1
te,the,0.206811,1,1
ktchen,kitchen,0.008171,16,1
wziters,waiters,N/A,N/A,1
mes,means,0.059619,4,2
imp0ksed,imposed,0.002247,62,2
partici-pation,participation,0.008711,18,1
Thee,There,N/A,N/A,1
waws,was,N/A,N/A,1
conrtol,control,0.005002,23,1
Rusisan,Russian,0.000299,82,1
Ys,Yes,0.008473,5,1
to,too,0.017797,11,1
dregrees,degrees,0.314457,1,1
ahout,about,0.004027,11,1
okcaxionally,occasionally,0.035511,7,2
thnse,the,0.098961,4,2
mtin,motion,0.019963,5,2
expreients,experiments,N/A,N/A,2
tte,the,0.877225,1,1
wws,was,0.573650,1,1
tye,the,0.043393,4,1
congregtaion,congregation,0.083902,3,1
caont,cannot,0.765694,1,2
konn,known,0.005537,25,2
"wwr,;d-wide",world-wide,N/A,N/A,3
dstrbution,distribution,0.321439,1,2
far-fulng,far-flung,N/A,N/A,1
Noncy,Nancy,0.006015,40,1
abot,about,0.896622,1,1
herslef,herself,0.012044,5,1
Nstional,National,0.006794,23,1
pssible,possible,0.005797,21,1
alwas,always,0.055341,7,1
fr,for,0.049450,5,1
a8hthorized,authorized,0.003214,12,2
provie,provide,0.658845,1,1
r,or,0.099940,2,1
mnuipcll,municipal,0.008811,22,5
centr,center,0.000171,70,1
remaiing,remaining,N/A,N/A,1
syri8nga,syringa,N/A,N/A,1
Ramidez,Ramirez,N/A,N/A,1
brothes,brothers,0.001786,45,1
exclusvieness,exclusiveness,N/A,N/A,1
metropokis,metropolis,0.002157,63,1
iisist,insist,0.768546,1,1
lt,lost,0.005883,24,2
regiandd,regained,N/A,N/A,2
efecfive,effective,0.001087,44,2
bicke5ing,bickering,N/A,N/A,1
o,to,0.990861,1,1
rgeiment,regiment,0.008159,12,1
yu4r,your,0.000583,30,2
wnbo,who,0.870124,1,2
trnouvhh,through,0.004085,26,4
u[p,up,0.063053,3,1
manuofes6yed,manifested,N/A,N/A,4
lfet,left,0.355499,1,1
whee,where,0.358865,1,1
visiing,visiting,0.012962,13,1
n,on,0.053511,3,1
Or,Our,0.579189,1,1
erfect,effect,0.001609,54,1
tiss,ties,0.008398,14,1
Ametdican,American,0.231659,1,2
iis,its,0.027865,2,1
Administarion,Administration,0.113695,2,2
alerafy,already,0.145227,1,2
clerr,clear,0.504854,1,1
tee,the,0.274924,1,1
veyy,very,0.094198,3,1
conneted,connected,0.012497,15,1
soee,some,N/A,N/A,1
eys,eyes,0.004842,17,1
Hae,Hague,N/A,N/A,2
lildess,lidless,N/A,N/A,1
maintaihs,maintains,0.672314,1,1
stiting,sitting,0.284069,2,1
suce,side,0.564627,1,2
wedek,week,0.230483,2,1
bbgrryll,betrayal,N/A,N/A,4
stck,stock,0.001270,86,1
disclsure,disclosure,N/A,N/A,1
decene,defense,0.277119,1,2
pr4lsude,prelude,0.544355,1,2
lttle,little,N/A,N/A,1
beftore,before,0.009488,19,1
Ak.ays,Always,0.158567,2,2
Jhonnie,Johnnie,N/A,N/A,1
Se,She,0.008239,8,1
ousiee,outside,0.002107,35,2
thse,the,0.999597,1,1
iipr4ssion,impression,0.753943,1,2
state,statue,0.004466,48,1
hlods,holds,N/A,N/A,1
whimned,whinnied,N/A,N/A,2
speehh,speech,0.004786,35,1
tee,the,0.389665,1,1
specificiyy,specificity,N/A,N/A,1
ssct9ons,sections,0.000509,32,2
odf,of,0.002639,56,1
tee,the,0.004267,2,1
yaers,years,0.442888,1,1
thse,the,0.973576,1,1
b..ends,blends,N/A,N/A,2
ditrtt,district,N/A,N/A,3
plwsr,power,0.012442,10,2
prtcice,practice,N/A,N/A,2
sn,sin,0.003630,25,1
lievs,lives,0.002347,57,1
Yor,Your,0.057979,4,1
ssme,same,0.751627,1,1
raionalistic,rationalistic,N/A,N/A,1
Pyt,Part,0.012467,9,2
cnissts,consists,0.273895,1,2
spirital,spiritual,0.018073,7,1
icnrease,increase,0.320106,1,1
sustance,substance,N/A,N/A,1
nnted,noted,0.155409,3,1
Artilce,Article,0.279473,1,1
whsoe,whose,0.959564,1,1
neighobrhood,neighborhood,0.474554,1,1
tangee,tangle,N/A,N/A,1
foundigg,founding,0.005777,11,1
Intestate,Interstate,0.404163,1,1
deliberaitos,deliberations,N/A,N/A,2
proopsd,proposed,0.065690,2,2
figue,figure,0.833860,1,1
firt,first,0.178371,2,1
tee,the,0.001650,99,1
aad,and,0.073314,2,1
low,law,0.008596,11,1
stll,still,0.053315,2,1
polit9cal,political,0.284704,1,1
WWco,Waco,N/A,N/A,1
spirtt,spirit,0.009081,14,1
udnesrtond,understand,0.309527,1,3
preily,precisely,0.380923,1,3
exersed,exercised,0.018313,2,2
satsifacotyy,satisfactory,0.004776,29,3
develompent,development,0.099768,3,1
firever,forever,0.980359,1,1
ad,and,0.786178,1,1
Pam,Palm,0.001870,78,1
smoething,something,0.115174,1,1
metionig,mentioning,N/A,N/A,2
time-honred,time-honored,N/A,N/A,1
ppitt,point,0.016872,9,2
nveer,never,0.006514,24,1
tw9ngezs,twinges,N/A,N/A,2
advrtising,advertising,N/A,N/A,1
pbulitiy,publicity,N/A,N/A,3
co-opeatinn,co-operation,N/A,N/A,2
Phsyical,Physical,0.677136,1,1
amd,and,0.895589,1,1
tte,the,0.053353,2,1
ltaest,latest,0.043040,3,1
ony,only,0.151150,2,1
pulbcc,public,0.272245,1,2
p4doblem,problem,N/A,N/A,2
bey,boy,N/A,N/A,1
neiggybor,neighbor,0.003434,46,2
obained,obtained,0.023275,6,1
f4om,from,0.037038,5,1
nw,now,0.085782,1,1
aad,and,0.045490,5,1
threeafter,thereafter,N/A,N/A,1
b0ss,boys,N/A,N/A,2
ggt,get,0.001639,80,1
becuse,because,0.311655,2,1
Cofdrence,Conference,0.193338,1,2
delyadd,delayed,0.011778,6,2
bgn,begun,0.365248,1,2
teavh,teach,0.074813,4,1
rsut,result,0.000673,69,2
hambruger,hamburger,0.013855,17,1
groce,grace,0.020885,8,1
doier,door,0.397611,1,2
proceudrs,procedures,0.141765,1,2
alomsft,almost,0.000800,83,2
rapily,rapidly,0.102781,2,1
o,to,0.616962,1,1
hhm,him,0.142822,2,1
sad,said,0.040449,2,1
Souhh,South,0.004705,34,1
Timm,Tim,0.374759,1,1
designtaed,designated,N/A,N/A,1
Negoes,Negroes,N/A,N/A,1
n,in,0.364131,2,1
foud,found,0.173483,1,1
li65erature,literature,0.002337,70,2
Spanisn-Aemircan,Spanish-American,N/A,N/A,3
meterigg,metering,N/A,N/A,1
wree,were,0.674668,1,1
mateiral,material,0.008022,17,1
portrats,portraits,0.005074,30,1
wavelengh,wavelength,N/A,N/A,1
iifrared,infrared,0.772145,1,1
aplicatikon,application,0.294193,1,2
vsrge,verge,0.993804,1,1
Tee,The,0.622361,1,1
dfned,defined,0.330011,1,2
te,the,0.093533,1,1
mateiral,material,0.004206,24,1
supeir,superior,0.005744,25,2
afain,again,0.003120,48,1
ccnventional,conventional,0.006522,16,1
Leving,Leaving,0.305967,1,1
whn,when,0.061048,2,1
Gersahwni',Gershwins',N/A,N/A,3
o,to,0.995506,1,1
Bosotn,Boston,0.661008,1,1
pomotion,promotion,N/A,N/A,1
canot,cannot,0.144322,2,1
ekonomic,economic,0.009689,15,1
inetrnationally,internationally,0.000923,90,1
splis,splits,N/A,N/A,1
r,for,0.611480,1,2
industril,industrial,0.007227,17,1
slowdd,slowed,0.002542,57,1
almlest,almost,0.325851,2,2
ank;e,ankle,0.863360,1,1
Eagt,East,0.519911,1,1
govrenemnt,government,0.011770,12,2
zne,zone,0.049388,2,1
t,it,0.012928,11,1
aad,and,0.085713,3,1
ovefd-all,over-all,N/A,N/A,2
temrs,terms,0.004227,19,1
s,is,0.725641,1,1
uesless,useless,N/A,N/A,1
whikh,which,0.976849,1,1
bbtohers,brothers,0.006738,19,2
anfd,and,0.017206,8,1
t,at,0.525080,1,1
t4qffic,traffic,0.153343,1,2
Rexesrtuctiin,Reconstruction,N/A,N/A,5
Easwtick,Eastwick,N/A,N/A,1
k;led,killed,0.002312,49,2
Subawys,Subways,N/A,N/A,1
balconiees,balconies,N/A,N/A,1
Lwtinn,Latin,0.002562,50,2
Od,Old,0.006443,25,1
Frmcixdco's,Francisco's,N/A,N/A,4
fvor,favor,0.002406,55,1
Dn,Don,0.436895,1,1
Maye,Maybe,0.022503,9,1
fafmers',farmers',N/A,N/A,1
icome,income,0.073936,2,1
bilkikon,billion,0.957893,1,2
wen,when,0.340279,1,1
inustrial,industrial,0.001072,94,1
la2yr,lawyer,0.039232,3,2
ito,into,0.230104,1,1
ezztate,estate,0.982415,1,2
whuch,which,0.342927,2,1
misundertood,misunderstood,N/A,N/A,1
ppecipittadd,precipitated,N/A,N/A,3
souon,solution,0.067714,2,3
Natinoal,National,0.102800,2,1
Moraxe,Morse,N/A,N/A,2
plaintvee,plaintive,N/A,N/A,2
tis,this,0.277980,1,1
detl,detail,0.003243,39,2
ws,was,0.979244,1,1
sinal,signal,N/A,N/A,1
pt,pot,0.385716,1,1
changws,changes,0.020600,6,1
ocurring,occurring,0.313603,1,1
disinct,distinct,0.026256,5,1
hhat,heat,0.002145,24,1
rapiyy,rapidly,0.260401,1,2
moujtainous,mountainous,0.002581,39,1
on;y,only,0.009253,16,1
Tehre,There,0.924233,1,1
souyheast,southeast,0.071245,6,1
bured,burned,0.012223,18,1
ofainc,organic,N/A,N/A,3
silghtly,slightly,0.118288,1,1
aaleged,alleged,N/A,N/A,1
diminhd,diminished,N/A,N/A,3
sociabiliy,sociability,N/A,N/A,1
cance,chance,N/A,N/A,1
sud0t5ise,surprise,0.005767,7,4
b3cause,because,0.000558,72,1
unquestionabyy,unquestionably,N/A,N/A,1
bekause,because,0.037388,10,1
proviee,provide,0.645172,1,1
qu4stii9n,question,0.875200,1,3
intreet,interest,N/A,N/A,2
clasoows,classics,0.008218,8,3
pdtevailing,prevailing,0.049684,5,2
fknancig,financing,0.012455,11,2
mabnine,machine,0.005811,30,2
shlal,shall,0.299343,1,1
shge,she,0.158501,1,1
adice,advice,0.409461,1,1
odf,of,0.903796,1,1
complswx,complex,0.002024,73,2
complrrtd,completed,0.128728,2,3
monhts,months,0.826459,1,1
tjee,the,0.017019,6,2
"beco,ng",becoming,0.313909,1,2
greatet,greatest,0.033844,5,1
usnig,using,N/A,N/A,1
eed,end,0.014526,12,1
hss,has,0.025439,6,1
courageouzly,courageously,N/A,N/A,1
crsis,crisis,N/A,N/A,1
MMrx,Marx,0.066044,5,1
fid,find,0.069264,4,1
ths,this,0.449352,1,1
ccld,cold,0.031352,6,1
unbslanced,unbalanced,N/A,N/A,1
ccilren,children,0.005346,23,2
adaoted,adapted,0.001653,21,1
tejir,their,0.661685,1,2
persoanly,personally,0.018975,14,2
cwzmpaignrss,campaigners,N/A,N/A,4
bt,but,0.885338,1,1
remembnrves,remembrances,N/A,N/A,4
peple,people,0.002500,45,1
mn,man,N/A,N/A,1
blif,belief,0.038861,7,2
pepoke,people,0.024254,4,2
geatly,greatly,0.001006,55,1
wll,will,0.553984,1,1
wjjthout,without,0.053585,3,2
f,of,0.372905,1,1
hhr,her,0.226360,1,1
EEomnia,Edmonia,N/A,N/A,2
sugtem,system,0.513353,1,2
woodsmke,woodsmoke,N/A,N/A,1
partciularly,particularly,0.101134,4,1
thot,that,0.059900,5,1
sociahke,sociable,N/A,N/A,2
Coriolanss,Coriolanus,N/A,N/A,1
f,of,0.005229,21,1
piontedly,pointedly,0.003131,60,1
skffing,scoffing,N/A,N/A,2
enoursge,encourage,0.073308,5,2
p4ograss,programs,0.518869,1,2
schoos,schools,0.585479,1,1
winikng,winking,N/A,N/A,1
mdae,made,0.956110,1,1
labroio8sly,laboriously,N/A,N/A,2
artilce,article,N/A,N/A,1
Mone,Monte,N/A,N/A,1
Cneer,Center,0.000740,82,2
tee,the,0.070716,1,1
ene4ty,energy,0.405415,1,2
druing,during,0.000305,27,1
llss,less,0.844745,1,1
htpyothalakus,hypothalamus,N/A,N/A,3
frequemjcy,frequency,0.015265,9,2
amplitdue,amplitude,0.070270,2,1
miust,mist,N/A,N/A,1
persuasonn,persuasion,0.178043,2,2
bronn,brown,0.039106,3,1
cajn,can,0.004050,47,1
ccee,came,0.073674,4,2
cohosss,chooses,0.004553,23,2
s3nsbile,sensible,0.004016,43,2
thwt,that,0.005123,8,1
e,he,0.005333,18,1
fuohd,found,N/A,N/A,2
ppow,plow,N/A,N/A,1
cencs4rt,concert,0.151081,1,3
anorgher,another,0.840890,1,2
neoclptical-hypothlamic,neocortical-hypothalamic,N/A,N/A,3
intreesring,interesting,N/A,N/A,2
insead,instead,0.711491,1,1
waned,wanted,0.033050,4,1
tri9plets,triplets,N/A,N/A,1
yu,you,0.323196,1,1
suppying,supplying,0.383656,1,1
sihmgle,single,0.010206,20,2
steamg-eneration,steam-generation,N/A,N/A,1
mogtt,might,0.251428,2,2
bbabiing,babbiting,N/A,N/A,2
tehy,they,0.598951,1,1
Whitnyy,Whitney,N/A,N/A,1
attrti00n,attrition,N/A,N/A,3
pluled,pulled,0.079703,2,1
pitchssd,pitched,0.002020,58,2
ahdd,and,0.137633,1,2
remaiinng,remaining,N/A,N/A,1
tte,the,0.296346,1,1
on.y,only,0.001180,30,1
"beco,king",becoming,N/A,N/A,2
ppatoon,platoon,0.002448,59,1
tye,the,0.045512,3,1
regjment,regiment,0.029431,8,1
Wnn,When,0.255710,1,2
SSndbrgg,Sandburg,N/A,N/A,3
grapveies,grapevines,N/A,N/A,2
Switzreland,Switzerland,0.014484,16,1
aencdote,anecdote,N/A,N/A,1
add,and,0.503240,1,1
te,the,0.101844,2,1
peaant,peasant,0.001021,95,1
ocur,occur,0.212459,3,1
tradres,traders,0.001820,62,1
frmm,from,0.454181,1,1
poinyt,point,0.003371,34,1
sripnkling,sprinkling,N/A,N/A,2
draggdd,dragged,N/A,N/A,1
revelarion,revelation,0.020794,8,1
banna,banana,N/A,N/A,1
fer,for,0.003535,8,1
th3e,the,0.006031,24,1
thkse,those,0.005015,26,1
frm,from,0.017290,6,1
Yrk,York,0.187955,2,1
nhht,night,0.324260,1,2
th4e,the,0.999450,1,1
cold,could,0.994000,1,1
leades,leaders,0.101725,2,1
polit8ocal,political,N/A,N/A,2
p0pwer,power,N/A,N/A,2
wwrdd,world,N/A,N/A,2
nnt,not,0.019973,9,1
makert,market,0.003988,17,2
buss,buys,0.937965,1,1
ooligation,obligation,0.249006,1,1
oly,only,0.942510,1,1
neessites,necessities,N/A,N/A,2
unfortunatrely,unfortunately,0.145002,1,1
doujng,doing,0.491768,1,2
styaing,staying,0.021248,11,1
tabe,table,0.247578,1,1
Aemrcains,Americans,0.001853,66,3
Cem4tery,Cemetery,0.005036,35,1
te,the,0.349732,1,1
Yrok,York,0.629925,1,1
likey,likely,0.270110,1,1
pominent,prominent,N/A,N/A,1
obseevtions,observations,0.219915,2,2
te,the,0.359383,1,1
emiss8on,emission,0.021613,8,1
Aams,Adams,0.506522,1,1
Rifhts,Rights,0.000988,24,1
aad,and,0.974395,1,1
hospiyl,hospital,0.229503,1,2
bbt,but,0.386063,1,1
fir,for,0.543001,1,1
asessmwnt,assessment,0.005994,8,2
occr,occur,0.054265,3,1
forve,force,0.875238,1,1
hhad,head,0.173938,2,1
tobgue,tongue,0.017394,3,1
s,was,0.014557,6,2
tte,the,0.026525,3,1
h3er,her,0.021732,6,1
ccndukct,conduct,0.004997,24,2
Cos,Cross,0.951978,1,2
lops,lips,0.321771,1,1
womann,woman,0.169659,2,1
kn3w,knew,0.025256,8,1
ad,and,0.287826,1,1
revime,regime,N/A,N/A,1
requriemets,requirements,N/A,N/A,2
brany,brandy,0.085619,4,1
wolud,would,0.635736,1,1
commissionrr,commissioner,0.361155,2,1
rlued,ruled,0.168169,1,1
pr3vipusly,previously,0.004327,23,2
poressor,professor,0.007178,21,2
ws,was,0.164759,2,1
lif4e,life,N/A,N/A,1
bok,block,N/A,N/A,2
staisfied,satisfied,N/A,N/A,1
wharevr,whatever,0.351450,2,2
Svidt,Soviet,0.007691,15,2
ccllar,collar,0.000252,63,1
Constructoin,Construction,N/A,N/A,1
tasnferrwwd,transferred,0.680944,1,4
diviisn,division,0.056039,3,2
withuot,without,0.433551,2,1
r,or,0.001937,9,1
riht,right,0.009200,13,1
watiing,waiting,0.457284,1,1
tpo,to,0.935349,1,1
Yuu,You,0.062136,4,1
ssy,say,N/A,N/A,1
u-turn,upturn,N/A,N/A,1
saels,sales,N/A,N/A,1
dkes,does,0.962022,1,1
w9ried,worried,0.047011,3,2
stciky,sticky,0.013908,9,1
ajhd,and,0.777181,1,2
Fam88ly,Family,0.002797,37,2
prtiipacte,participate,0.707814,1,3
sciene,science,N/A,N/A,1
hhs,has,0.009527,23,1
defneible,defensible,N/A,N/A,2
iienion,invention,N/A,N/A,3
tee,the,0.200354,1,1
me5qw[hysicals,metaphysicals,N/A,N/A,4
wwnt,want,0.493237,1,1
gros,grows,0.461873,1,1
dos,dogs,N/A,N/A,1
slkw,slow,0.033554,3,1
talkenn,taken,0.673260,1,2
brcause,because,0.750672,1,1
cram,cream,0.805911,1,1
dahh,dash,0.170591,1,1
appontiment,appointment,0.425320,1,2
ingluejtial,influential,0.022674,8,2
Adminitartion,Administration,0.720482,1,2
ccmounded,compounded,N/A,N/A,2
stayistiacl,statistical,N/A,N/A,2
ay,any,0.006952,8,1
wl,well,0.016268,14,2
intreest,interest,N/A,N/A,1
whih,which,0.095234,3,1
ancd,and,0.024988,6,1
caron,carbon,0.520903,1,1
tetachloride,tetrachloride,N/A,N/A,1
fractuuonss,fractions,N/A,N/A,3
acoves,alcoves,N/A,N/A,1
thde,the,0.912239,1,1
thee,the,0.255390,1,1
rveoluti9n,revolution,0.055170,2,2
passpot,passport,N/A,N/A,1
Sabndmn,Sandman,N/A,N/A,2
ttme,time,0.234857,2,1
decinugg,declining,N/A,N/A,3
frmm,from,N/A,N/A,1
numrbs,numbers,0.085908,2,3
ad,and,0.004181,6,1
haer,hear,0.986045,1,1
cloxding,closing,0.001108,98,2
wonedfrul,wonderful,0.002209,66,2
palens,planes,N/A,N/A,2
CCntraction,Contraction,N/A,N/A,1
muscee,muscle,N/A,N/A,1
Thetfe,There,0.999489,1,2
immeiately,immediately,N/A,N/A,1
jouned,joined,N/A,N/A,1
e,He,0.066508,1,1
Avuee,Avenue,N/A,N/A,3
y,by,0.238446,1,1
motnrr,mother,0.211971,2,2
Srcetary,Secretary,0.003089,12,2
ws,was,0.170399,2,1
wwloe,whole,0.581089,1,2
fites6t,first,0.023441,6,3
encp8nter,encounter,N/A,N/A,2
neighorhood,neighborhood,0.000843,29,1
lrge-scale,large-scale,N/A,N/A,1
rad8aiton,radiation,0.066211,2,2
attenion,attention,0.014894,5,1
tee,the,0.826200,1,1
pitkfer,pitcher,N/A,N/A,2
pase,phase,0.045630,4,1
reactin,reaction,0.063573,2,1
ttan,than,0.999088,1,1
te,the,0.100087,1,1
Atf,Af,N/A,N/A,1
ws,was,0.002856,52,1
decsin,decision,0.606046,1,2
clam,claim,0.001739,78,1
pt,put,0.657354,1,1
lagrrr,larger,0.038284,6,2
de-iodinared,de-iodinated,N/A,N/A,1
perihperally,peripherally,N/A,N/A,1
st99t,strict,0.001132,98,3
impuniy,impunity,N/A,N/A,1
Pt,Pat,N/A,N/A,1
kown,known,0.255219,1,1
aloo,also,0.121978,3,1
wvaes,waves,0.001225,83,1
wthuot,without,N/A,N/A,2
evenins,evenings,0.027184,6,1
ws,was,0.004629,5,1
y,by,0.916540,1,1
stoe,stove,0.354262,1,1
aad,and,0.136922,1,1
colf,calf,0.134475,1,1
Godoyy,Goody,N/A,N/A,2
nev4wr,never,0.012699,14,2
sscond,second,0.094633,4,1
evn,even,N/A,N/A,1
Eah,Each,0.792003,1,1
aaditionql,additional,0.017145,9,2
coll,coal,N/A,N/A,1
ann7al,annual,0.056797,3,1
wjnich,which,0.362249,1,2
agreemet,agreement,0.709933,1,1
growfh,growth,N/A,N/A,1
wee,were,0.981551,1,1
Swit,Swift,N/A,N/A,1
fro43nsdnup,friendship,0.003447,56,6
Artificr,Artificer,N/A,N/A,1
mexsage,message,0.030222,6,1
ad,and,0.026770,4,1
toal,total,0.070409,1,1
sahre,share,0.002124,89,1
cmoemnts,comments,N/A,N/A,2
baeyy,barely,N/A,N/A,2
azs,as,0.937901,1,1
althoguh,although,0.141336,3,1
wss,was,0.106216,4,1
Itenifiaction,Intensification,N/A,N/A,3
taht,that,0.047699,1,1
brn,born,0.013236,9,1
fult,fault,0.096690,1,1
te,the,0.991409,1,1
shpigg,shaping,0.002460,32,2
rvolutonry,revolutionary,0.003228,34,3
form,from,0.182332,2,1
adde4d,added,0.017701,15,1
yers,years,0.373950,1,1
appearanc4s,appearances,0.925616,1,1
thdwr,their,0.702251,1,2
theee,there,0.507759,1,1
tto,too,0.005168,14,1
brnch,branch,N/A,N/A,1
a54ea,area,N/A,N/A,2
cloet,closet,0.254688,1,1
mus,mugs,N/A,N/A,1
tte,the,0.104716,2,1
tht,that,0.405502,2,1
reognize,recognize,0.244552,1,1
fisacl,fiscal,N/A,N/A,1
svere,severe,N/A,N/A,1
Ms4morial,Memorial,0.309860,1,2
Msadow,Meadow,N/A,N/A,1
Gene-Prinkvess,Gene-Princess,N/A,N/A,2
yyu,you,0.009128,15,1
slideas,slides,N/A,N/A,1
becme,became,0.185768,1,1
countenane,countenance,N/A,N/A,1
recoghnized,recognized,0.049385,4,1
Thn,Then,0.020975,9,1
ttcuhs,touches,0.291478,1,3
hs,his,0.286178,2,1
restrctig,restricting,N/A,N/A,2
Frankurt,Frankfurt,0.022506,12,1
Btonislaw,Bronislaw,N/A,N/A,1
Oreshtra,Orchestra,0.056799,2,3
ssventeen,seventeen,N/A,N/A,1
begter,better,0.113839,1,1
seeral,several,0.037816,6,1
kkow,know,N/A,N/A,1
teenwgy,teensy,N/A,N/A,2
reorptdd,reported,0.003763,41,3
AAalyis,Analysis,N/A,N/A,2
Frm,From,0.948944,1,1
esat,east,0.002533,56,1
mkjssnig,missing,0.015895,11,3
b6y,by,0.002464,59,1
membess,members,0.044272,3,1
cub,curb,N/A,N/A,1
Natiojjs,Nations,0.800451,1,2
tat,that,0.001013,50,1
nlt,not,0.433535,1,1
delbieratey,deliberately,0.011293,12,2
scuh,such,0.003572,29,1
otherwie,otherwise,0.361249,1,1
te,take,0.095680,3,2
ferced,forced,0.003921,33,1
chaacteristic,characteristic,0.030706,6,1
gg9d,good,0.003073,30,2
cuse,cause,0.080016,3,1
w0luld,would,0.013334,9,2
wrwther,whether,0.085492,2,2
agtiatknn,agitation,N/A,N/A,3
obtin,obtain,0.009878,19,1
diff3rent,different,0.047310,3,1
taht,that,0.008457,21,1
Hel.va,Helva,N/A,N/A,1
flky,flaky,N/A,N/A,1
abut,about,0.017154,9,1
whih,which,N/A,N/A,1
rrverr,river,0.041156,5,2
Pittsubrgh,Pittsburgh,N/A,N/A,1
cpmplege,complete,0.004158,36,2
soon,saloon,N/A,N/A,2
Palya,Playa,N/A,N/A,1
Vetnuaa,Ventura,0.008625,17,2
givigg,giving,0.026563,7,1
dirve,drive,0.013700,8,1
resifential,residential,0.002197,36,1
thtt,that,0.007326,9,1
conrgirbutes,contributes,0.770207,1,3
hottes,hattes,N/A,N/A,1
slke,silke,N/A,N/A,1
wss,was,0.010203,2,1
wering,wearing,0.801389,1,1
buky,bulky,0.010799,22,1
relevntt,relevant,0.007922,12,2
rrgulatilns,regulations,0.261977,1,2
dubt,doubt,0.001733,74,1
puoes,pounds,0.021397,9,3
Arbia,Arabia,0.926323,1,1
Bt,But,0.031264,2,1
yu,you,0.283122,2,1
NNture,Nature,0.002001,26,1
hadns,hands,0.043879,5,1
tq8ned,twined,N/A,N/A,2
Bridhhet,Bridget,N/A,N/A,2
Mttbe,Maybe,0.206735,2,2
magasine,magazine,N/A,N/A,1
wws,was,0.001045,69,1
br9ng,bring,0.010240,4,1
Fifeenth,Fifteenth,0.051183,4,1
grwrat,great,0.295983,1,2
cosnumer,consumer,0.028427,5,1
iilcuding,including,0.955917,1,2
velptcy,velocity,0.048056,4,4
towads,towards,0.045696,3,1
becmoing,becoming,0.067242,3,1
likelio0d,likelihood,N/A,N/A,2
setted,settled,N/A,N/A,1
sstem,system,0.004426,32,1
servigg,serving,0.016447,12,1
h8gh,high,0.742217,1,1
so4body,somebody,0.239124,2,2
msifortine,misfortune,N/A,N/A,2
hd,head,0.091080,2,2
tbis,this,0.036346,5,1
tijje,time,0.012346,4,2
sis,sins,0.002017,67,1
ocf,of,0.031335,7,1
Commnuinn,Communion,0.007003,27,2
soicety,society,0.191365,1,1
tee,the,0.808480,1,1
llwerr,lower,0.108380,3,2
mainatin,maintain,0.066066,3,1
te,the,0.955508,1,1
industy,industry,0.570397,1,1
wih,with,0.185573,2,1
reqirs,requires,0.004277,29,2
stte,state,N/A,N/A,1
thef4e,there,0.994521,1,2
rn,run,0.341349,1,1
thse,these,0.021554,3,1
be4s,bees,0.015810,6,1
fot,foot,N/A,N/A,1
conetkswd,connected,0.018571,9,5
conssits,consists,0.734936,1,1
oriening,orienting,N/A,N/A,1
swnsitive,sensitive,N/A,N/A,1
y'a;ll,y'all,N/A,N/A,1
ridlds,riddles,N/A,N/A,2
exprdssion,expression,0.056064,3,1
mass,makes,0.547412,1,2
lcid,lucid,N/A,N/A,1
hs,has,0.010896,5,1
cc8irse,course,0.178781,1,3
Rhdoe,Rhode,0.947006,1,1
heo,hero,0.029441,4,1
sufe,sure,0.795547,1,1
Bedrch,Beech,N/A,N/A,2
gice,give,0.002179,55,1
sulpctured,sculptured,N/A,N/A,2
lpok,look,0.013258,15,1
c0ld,cold,0.001655,77,1
bu9dler,builder,N/A,N/A,2
OOasionally,Occasionally,0.041911,6,2
adifiohbal,additional,0.037251,4,4
rrvalrirs,rivalries,N/A,N/A,2
develpoed,developed,N/A,N/A,1
tge,the,0.784047,1,1
failiar,familiar,0.014694,10,1
nt,not,0.005509,29,1
inerview,interview,0.003288,31,1
seftle,settle,0.003418,43,1
bloosy,bloody,0.001775,99,1
unulated,undulated,N/A,N/A,1
f9r,for,0.002883,37,1
Quesiton,Question,0.002610,26,1
ueddd,used,0.002971,56,3
"mar,ed",marked,0.003051,60,1
mon,man,N/A,N/A,1
monts,months,0.249252,2,1
gaa,gala,N/A,N/A,1
shmmer,summer,N/A,N/A,1
btter,better,0.063940,3,1
wkuld,would,0.088770,3,1
ihn,in,0.028472,6,1
te,the,0.333152,1,1
ptt,part,0.096002,2,2
wh9le,whole,0.002215,82,1
responsibiltiy,responsibility,0.533458,1,1
ec9noimc,economic,0.027226,6,2
watershdes,watersheds,N/A,N/A,1
tte,the,0.014096,7,1
imlortnt,important,0.005645,21,2
Savation,Salvation,N/A,N/A,1
gwsneration,generation,0.001289,50,2
Edonbomic,Economic,0.056645,5,2
disbodience,disobedience,N/A,N/A,2
amd,and,0.785209,1,1
g;anced,glanced,0.001943,62,1
Parela,Parella,N/A,N/A,1
imae,image,0.876114,1,1
thnig,thing,0.239859,2,1
th0ugt,thought,0.191664,1,2
t,It,0.999543,1,1
fisrt,first,0.191885,2,1
wole,whole,N/A,N/A,1
tue,the,0.356234,1,1
rpeect,respect,0.077047,4,3
fe9r,for,0.997907,1,2
ws,was,0.037370,6,1
vesr98on,version,0.010946,17,3
Pasad4ena,Pasadena,N/A,N/A,1
spotreist,sportiest,N/A,N/A,2
millios,millions,0.562038,1,1
ciche,cliche,N/A,N/A,1
race-drivess,race-drivers,N/A,N/A,1
whch,which,0.837528,1,1
wwr,war,N/A,N/A,1
"cal.,ed",called,0.012166,11,2
fr9lm,from,0.997446,1,2
adjustig,adjusting,0.013986,9,1
calndars,calendars,N/A,N/A,1
WWllsville,Wellsville,N/A,N/A,1
fi8xed,fixed,0.012237,14,1
hve,have,0.802115,1,1
abott,about,0.997967,1,1
fctor,factor,0.925070,1,1
tyere,there,0.999780,1,1
CCrl,Carl,N/A,N/A,1
savoing,savoring,N/A,N/A,1
editir,editor,0.001773,38,1
feelig,feeling,0.094648,3,1
ch9rus,chorus,0.035959,8,1
Serivce,Service,N/A,N/A,1
thnn,than,0.473652,1,1
grous,groups,0.016261,14,1
chlirden,children,0.034563,6,2
Turnng,Turning,0.002504,51,1
ohter,other,0.042275,9,1
decine,decline,0.084766,5,1
wwas,was,0.170762,2,1
cood,cold,N/A,N/A,1
cloths,clothes,0.290616,1,1
gven,given,0.003619,48,1
comnerical,commercial,N/A,N/A,2
opitmal,optimal,0.365758,1,1
aaotyejr,another,0.015910,8,3
eqaulitgy,equality,0.023112,3,2
tte,the,0.022640,6,1
Gvernment,Government,N/A,N/A,1
llquor,liquor,N/A,N/A,1
reweult,result,0.137595,2,2
thougtt,thought,N/A,N/A,1
is,its,N/A,N/A,1
grityy,gritty,N/A,N/A,1
clm,clam,N/A,N/A,1
ffrms,farms,0.041703,7,1
rutlehssly,ruthlessly,N/A,N/A,2
interestong,interesting,N/A,N/A,1
ad,and,0.129147,3,1
thickend,thickened,N/A,N/A,1
fkbrous,fibrous,N/A,N/A,1
rigt,right,N/A,N/A,1
workefd,worked,N/A,N/A,1
Cnoferece,Conference,0.515822,1,2
rhiels,rules,0.556829,1,3
somh9hg,something,0.008361,19,4
hostelris,hostelries,N/A,N/A,1
ttrd,toward,N/A,N/A,3
whhh,which,0.024642,9,2
Yaneefication,Yankeefication,N/A,N/A,1
cousre,course,0.988429,1,1
ffn's,fan's,N/A,N/A,1
Te,The,0.304846,2,1
ffceed,faced,N/A,N/A,2
lcal,local,0.008271,19,1
ddpendemt,dependent,0.279882,1,2
reomved,removed,0.001110,98,1
Stll,Still,0.001582,94,1
nit,not,0.014833,9,1
sory,sorry,0.002556,29,1
ddugh,dough,N/A,N/A,1
talespoons,tablespoons,N/A,N/A,1
reman9kng,remaining,0.148813,3,3
Tk9me,Time,0.009974,11,2
muisciahs,musicians,0.045499,2,2
pprpose,purpose,0.900034,1,1
tts,this,0.104295,2,2
nothiung,nothing,0.072756,2,1
iit5ial,initial,N/A,N/A,2
Mecrer,Mercer,N/A,N/A,1
aay,any,0.018911,6,1
offcie,office,0.001519,54,1
ws,was,0.237955,1,1
tne,the,0.543152,1,1
add,and,0.233168,1,1
eraly,early,0.012665,8,1
evidetny,evidently,0.059502,3,2
safisying,satisfying,0.001495,98,2
e,he,0.004912,5,1
ws,was,0.848923,1,1
Se,She,0.065067,1,1
themseless,themselves,0.224976,1,2
oowdervation,observation,N/A,N/A,3
bt,but,0.000663,85,1
Adas,Adams,N/A,N/A,1
diastrr,disaster,0.032965,4,2
distinguisbdd,distinguished,0.079096,3,2
ijtrval,interval,0.016804,8,2
soruces,sources,0.969624,1,1
immedtee,immediate,N/A,N/A,3
WWllis,Willis,N/A,N/A,1
ssts,sorts,0.005966,24,2
viicssitudes,vicissitudes,N/A,N/A,1
tamke,tame,N/A,N/A,1
aaut,about,0.007745,16,2
FFlly,Folly,N/A,N/A,1
MMs.,Mrs.,N/A,N/A,1
CCase,Chase,N/A,N/A,1
annonce,announce,0.004245,22,1
Oee,One,0.003807,23,1
rewrd,reward,0.051904,2,1
dgrees,degrees,0.421131,1,1
supeiority,superiority,0.009841,15,1
swxx,sex,0.055864,4,2
eetremely,extremely,0.017170,15,1
wiuld,would,0.282241,2,1
o,to,0.955080,1,1
yewrs,years,0.808842,1,1
avo9d,avoid,0.220383,1,1
lle,life,0.008801,13,2
bdwcame,became,0.433964,1,2
vriuos,various,0.016655,12,2
te,the,0.234137,1,1
prexent,present,0.001603,75,1
